race_id,track_code,race_num,horse_num,horse_name,mark,model_rank_by_mark,morning_odds,morning_popularity,rationale,win_probability,expected_value,confidence,bet_candidate
20260607-05-01,05,01,1,カゼノオモイデ,,,65.3,13,前走大敗14着; 騎手勝率2%; sprint risk,,,,False
20260607-05-01,05,01,2,ハクサンミレイ,,,26.2,9,近走上昇; 騎手勝率2%; sprint risk,,,,False
20260607-05-01,05,01,3,キタノローズ,,,9.1,5,騎手勝率0%; sprint risk; 持ち時計優秀; 相対時計優秀,,,,False
20260607-05-01,05,01,4,ユキノサイエンス,,,30.5,10,間隔長め99日; 前走大敗40着; 騎手勝率2%; sprint risk,,,,False
20260607-05-01,05,01,5,カーボフリオ,▲,3,3.1,1,近走上昇; 同距離複勝1回; 同場距離帯複勝1回; 騎手勝率3%,0.094,0.29,標準,False
20260607-05-01,05,01,6,ダイユウレゾナンス,☆,5,81.1,16,前走11着; 騎手勝率16%; sprint risk,,,,False
20260607-05-01,05,01,7,エリースノー,○,2,4.5,2,近走上昇; 同距離複勝1回; 同場距離帯複勝1回; 持ち時計平凡,0.078,0.35,標準,False
20260607-05-01,05,01,8,ビリキナータ,,,18.9,7,前走大敗12着; sprint risk,,,,False
20260607-05-01,05,01,9,ルクリーシア,◎,1,26.0,8,頭数補正上位14%; 直近で1着あり; 直近3着内2回; 同距離複勝1回; 信頼度=標準(2位差20.0),0.27,7.02,標準,True
20260607-05-01,05,01,10,アジーザム,,,69.0,15,近走下降; 間隔長め78日; 前走大敗39着; sprint risk,,,,False
20260607-05-01,05,01,11,テンハートビート,,,8.9,4,sprint risk,,,,False
20260607-05-01,05,01,12,ロンバスブレス,,,6.2,3,sprint risk,,,,False
20260607-05-01,05,01,13,パウラメロディーア,,,43.9,12,sprint risk,,,,False
20260607-05-01,05,01,14,フィーユレアル,△,4,15.0,6,近走上昇; 前走8着; sprint risk; 持ち時計優秀,,,,False
20260607-05-01,05,01,15,グラデュエール,,,68.4,14,近走下降; 前走11着; 騎手勝率3%; sprint risk,,,,False
20260607-05-01,05,01,16,ペリバジャ,,,43.2,11,前走大敗14着; 斤量減3.0kg; 騎手勝率1%; sprint risk,,,,False
20260607-05-02,05,02,1,クリムゾンリーフ,,,4.6,2,近走上昇,,,,False
20260607-05-02,05,02,2,キョウエイシュバル,,,53.0,13,調教師勝率11%; 上がり鈍い39.2; 持ち時計平凡; 相対時計不足,,,,False
20260607-05-02,05,02,3,ホグホグナナハン,,,76.4,15,近走上昇; 前走8着; 騎手勝率2%,,,,False
20260607-05-02,05,02,4,アイムスティルミー,,,21.5,9,騎手勝率2%; 持ち時計平凡,,,,False
20260607-05-02,05,02,5,タートルインメイ,,,84.7,16,直近で1着あり; 近走下降; 騎手勝率2%,,,,False
20260607-05-02,05,02,6,マスカルポーネ,,,19.8,8,頭数補正上位16%; 騎手勝率3%,,,,False
20260607-05-02,05,02,7,ネイティヴプライド,,,13.2,6,近走上昇; 同距離複勝1回; 同場距離帯複勝1回; 騎手勝率0%,,,,False
20260607-05-02,05,02,8,インナーパッション,,,7.9,4,頭数補正上位8%; 休み明け218日,,,,False
20260607-05-02,05,02,9,ブルーフレア,○,2,6.5,3,直近3着内2回; 近走上昇; 同種T複勝2回; 同距離複勝2回,0.1,0.65,混戦,False
20260607-05-02,05,02,10,アルティシエル,,,39.6,11,,,,,False
20260607-05-02,05,02,11,ワンダーブリッツ,△,4,3.2,1,騎手勝率14%,,,,False
20260607-05-02,05,02,12,ロジキセキ,,,50.6,12,騎手勝率4%,,,,False
20260607-05-02,05,02,13,マイネルスラーヴァ,☆,5,73.4,14,間隔長め85日; 持ち時計優秀; 相対時計優秀,,,,False
20260607-05-02,05,02,14,ウォーレーションズ,,,33.2,10,前走大敗14着; 調教師勝率11%,,,,False
20260607-05-02,05,02,15,ブラックパロット,◎,1,16.2,7,近走上昇; 同距離複勝1回; 同場距離帯複勝1回; 持ち時計優秀; 信頼度=混戦(2位差2.0),0.061,0.99,混戦,False
20260607-05-02,05,02,16,キタイノホシ,▲,3,12.6,5,近走上昇; 同距離複勝1回; 同場距離帯複勝1回; 斤量減2.0kg,0.096,1.2,混戦,False
20260607-05-03,05,03,1,レッドリファインド,△,4,18.3,5,近走上昇; 騎手勝率4%,,,,False
20260607-05-03,05,03,2,カンフーヒーロー,☆,5,127.2,13,斤量増2.0kg; 上がり鈍い40.1; 持ち時計優秀; 相対時計優秀,,,,False
20260607-05-03,05,03,3,ナンヨーロイヤル,,,65.9,9,近走上昇; 騎手勝率0%,,,,False
20260607-05-03,05,03,4,レディトゥランブル,,,159.8,14,騎手勝率1%,,,,False
20260607-05-03,05,03,5,ピクシーゲイル,,,186.0,16,近走上昇; 前走大敗14着,,,,False
20260607-05-03,05,03,6,クワッドマリニン,,,10.5,4,近走上昇; 斤量増2.0kg; 上がり鈍い39.5; 持ち時計平凡,,,,False
20260607-05-03,05,03,7,ウインビギニング,◎,1,1.6,1,頭数補正上位7%; 直近3着内3回; 同種T複勝2回; 同距離複勝2回; 信頼度=接戦(2位差6.8),0.336,0.54,接戦,False
20260607-05-03,05,03,8,ブルーアンビエンス,,,42.2,8,近走上昇; 前走大敗12着; 斤量増3.0kg; 上がり鈍い41.5,,,,False
20260607-05-03,05,03,9,ナムラドガ,,,83.1,11,騎手勝率2%,,,,False
20260607-05-03,05,03,10,ロイヤルタイム,,,99.7,12,前走8着; 騎手勝率2%,,,,False
20260607-05-03,05,03,11,ウェスケンジントン,,,24.2,6,騎手勝率0%; 持ち時計平凡,,,,False
20260607-05-03,05,03,12,ハタノグランクリュ,,,168.4,15,近走上昇; 前走9着; 騎手勝率1%,,,,False
20260607-05-03,05,03,13,シンギュラリティ,,,36.6,7,前走9着,,,,False
20260607-05-03,05,03,14,ビンバラ,▲,3,4.7,2,騎手勝率12%; 調教師勝率10%,0.084,0.4,接戦,False
20260607-05-03,05,03,15,オーキーベルセルク,,,72.4,10,前走大敗12着; 騎手勝率16%,,,,False
20260607-05-03,05,03,16,エターナルホープ,○,2,7.5,3,頭数補正上位11%; 直近3着内2回; 同種T複勝2回; 同距離複勝2回,0.231,1.73,接戦,False
20260607-05-04,05,04,1,カレリアフレイバー,▲,3,14.3,6,騎手勝率13%,0.063,0.9,接戦,False
20260607-05-04,05,04,2,サイモンナイスラン,,,113.7,16,近走下降; 間隔長め70日; 前走大敗98着,,,,False
20260607-05-04,05,04,3,コーディアリー,,,24.1,11,斤量増3.0kg; 調教師勝率12%; 上がり最速級34.3; 持ち時計平凡,,,,False
20260607-05-04,05,04,4,デルマテイネ,,,152.8,18,前走大敗13着; 上がり良好34.9,,,,False
20260607-05-04,05,04,5,ニシノトップダノン,,,20.9,8,休み明け190日; 前走大敗56着; 騎手勝率0%,,,,False
20260607-05-04,05,04,6,メイヨシュア,,,125.4,17,頭数補正上位7%; 間隔長め70日; 騎手勝率3%; 持ち時計優秀,,,,False
20260607-05-04,05,04,7,セルリア,,,21.3,9,同距離3走; 休み明け113日; 騎手勝率3%; 持ち時計優秀,,,,False
20260607-05-04,05,04,8,ロードクラシコ,,,15.0,7,休み明け183日; 前走大敗78着,,,,False
20260607-05-04,05,04,9,ファイナルフォーム,,,39.7,14,,,,,False
20260607-05-04,05,04,10,ワイズファミリア,△,4,5.1,2,調教師勝率11%,,,,False
20260607-05-04,05,04,11,バトルモクオ,,,107.5,15,近走上昇; 間隔長め71日; 前走大敗90着; 騎手勝率2%,,,,False
20260607-05-04,05,04,12,ショウナンサイオウ,☆,5,7.3,3,騎手勝率16%,,,,False
20260607-05-04,05,04,13,コスモマウイ,,,30.6,12,,,,,False
20260607-05-04,05,04,14,エナノムスメ,,,31.2,13,休み明け117日; 前走大敗42着; 騎手勝率2%,,,,False
20260607-05-04,05,04,15,クールフィデル,,,9.1,5,騎手勝率13%,,,,False
20260607-05-04,05,04,16,バンオンタイム,◎,1,3.8,1,近走上昇; 同距離複勝1回; 騎手勝率16%; 上がり最速級34.1; 信頼度=接戦(2位差16.0),0.233,0.89,接戦,False
20260607-05-04,05,04,17,ルモンテ,○,2,8.7,4,近走上昇; 騎手勝率2%; 上がり最速級33.5; 持ち時計平凡,0.071,0.62,接戦,False
20260607-05-04,05,04,18,アグネスブリッツ,,,21.9,10,休み明け126日; 前走大敗44着,,,,False
20260607-05-05,05,05,1,セイルトゥグローリ,○,2,11.5,4,騎手勝率16%,0.078,0.89,混戦,False
20260607-05-05,05,05,2,ジョドレルバンク,▲,3,1.3,1,騎手勝率20%,0.276,0.36,混戦,False
20260607-05-05,05,05,3,サノノキセキ,,,46.6,9,,,,,False
20260607-05-05,05,05,4,レオンティウス,,,136.9,10,騎手勝率14%,,,,False
20260607-05-05,05,05,5,セイウンオオゾラ,,,37.1,8,,,,,False
20260607-05-05,05,05,6,ジュンヴォルティス,☆,5,26.2,5,騎手勝率14%,,,,False
20260607-05-05,05,05,7,シアルナーレ,,,7.7,2,騎手勝率13%,,,,False
20260607-05-05,05,05,8,ヴィラーニ,△,4,26.6,6,騎手勝率13%,,,,False
20260607-05-05,05,05,9,ヴェントリナ,,,27.9,7,,,,,False
20260607-05-05,05,05,10,マテンロウアルカナ,◎,1,9.8,3,騎手勝率15%; 信頼度=混戦(2位差1.4),0.11900000000000001,1.17,混戦,False
20260607-05-06,05,06,1,エクスプレスナイト,,,81.3,15,近走下降; 同距離9走; 同場不振3走; 同場距離帯不振3走,,,,False
20260607-05-06,05,06,2,ダイユウサルターレ,,,62.7,12,近走下降; 休み明け148日; 前走大敗51着; 騎手勝率3%,,,,False
20260607-05-06,05,06,3,ヴェロシスタ,○,2,28.4,9,頭数補正上位18%; 同距離複勝1回; 同場距離帯複勝1回; 持ち時計優秀,0.011000000000000001,0.3,混戦,False
20260607-05-06,05,06,4,フェイスリフト,◎,1,1.9,1,直近3着内2回; 近走上昇; 同距離複勝2回; 同場距離帯複勝1回; 信頼度=混戦(2位差0.8),0.183,0.35,混戦,False
20260607-05-06,05,06,5,スカット,☆,5,48.6,11,近走下降; 同距離複勝1回; 騎手勝率3%; 持ち時計優秀,,,,False
20260607-05-06,05,06,6,グランフォワイエ,,,80.4,14,前走大敗15着; sprint risk,,,,False
20260607-05-06,05,06,7,ニシノランペイジ,,,15.5,6,近走上昇; 同距離7走; 同場不振4走; 同場距離帯不振4走,,,,False
20260607-05-06,05,06,8,コウソクルリアン,△,4,12.5,5,近走上昇; 同距離複勝1回; 同場距離帯複勝1回; 騎手勝率3%,,,,False
20260607-05-06,05,06,9,ヴィスクレス,▲,3,5.9,2,近走上昇; 同距離複勝1回; 同場距離帯複勝1回; 持ち時計優秀,0.165,0.97,混戦,False
20260607-05-06,05,06,10,フィールマイプラン,,,9.9,3,近走上昇; 同距離複勝1回; 騎手勝率12%; 調教師勝率11%,,,,False
20260607-05-06,05,06,11,ニシノギャルズ,,,12.3,4,騎手勝率3%; sprint risk,,,,False
20260607-05-06,05,06,12,チェストー,,,22.0,8,近走上昇; sprint risk; 持ち時計平凡; 相対時計不足,,,,False
20260607-05-06,05,06,13,シュンポシオン,,,78.7,13,近走上昇; 前走大敗13着; sprint risk,,,,False
20260607-05-06,05,06,14,カフェプラウド,,,20.5,7,前走9着; 騎手勝率1%; 調教師勝率11%; sprint risk,,,,False
20260607-05-06,05,06,15,ウィゾマニア,,,119.3,16,前走大敗12着; 斤量増4.0kg; sprint risk,,,,False
20260607-05-06,05,06,16,ホウオウデンファレ,,,46.2,10,前走10着; 斤量減2.0kg; 騎手勝率16%; sprint risk,,,,False
20260607-05-07,05,07,1,ビルバンテ,,,20.2,9,間隔長め70日; 調教師勝率19%; sprint risk; 持ち時計優秀,,,,False
20260607-05-07,05,07,2,メーゼ,,,10.3,6,重賞経験あり; 休み明け287日; sprint risk,,,,False
20260607-05-07,05,07,3,カフェブーケット,,,51.7,14,近走上昇; 同距離4走; 同場不振4走; 同場距離帯不振4走,,,,False
20260607-05-07,05,07,4,タイキブリッツェン,,,5.1,1,同場不振4走; 斤量減2.0kg; sprint risk; 持ち時計平凡,,,,False
20260607-05-07,05,07,5,エスシーレイジュ,,,21.0,10,近走下降; 同距離5走; 同場不振5走; 同場距離帯不振4走,,,,False
20260607-05-07,05,07,6,リッチハンター,,,48.3,13,近走上昇; 格上挑戦+2; 前走11着; 騎手勝率4%,,,,False
20260607-05-07,05,07,7,パータリプトラ,☆,5,9.7,5,近走上昇; 同距離5走; 同場不振3走; 同場距離帯不振3走,,,,False
20260607-05-07,05,07,8,ベアハンドキャッチ,△,4,9.4,4,近走上昇; 斤量減2.0kg; 騎手勝率12%; sprint risk,,,,False
20260607-05-07,05,07,9,フォースミラクル,○,2,5.3,2,近走上昇; 同距離7走; 同場不振5走; 同場距離帯不振5走,0.086,0.46,接戦,False
20260607-05-07,05,07,10,サイモンカーチス,,,145.9,16,同種T1勝; 同距離4走; 同場不振3走; 同場距離帯不振3走,,,,False
20260607-05-07,05,07,11,ピクラリーダ,,,34.5,12,近走上昇; 前走大敗14着; 斤量増2.0kg; sprint risk,,,,False
20260607-05-07,05,07,12,モティスフォント,,,10.8,7,前走8着; sprint risk,,,,False
20260607-05-07,05,07,13,ジャスフォール,,,28.1,11,騎手勝率1%; sprint risk,,,,False
20260607-05-07,05,07,14,シュヴァルツシルト,◎,1,5.7,3,頭数補正上位15%; 直近で1着あり; 近走上昇; 同種T1勝; 信頼度=接戦(2位差13.0),0.183,1.04,接戦,False
20260607-05-07,05,07,15,ガンバレベアー,,,64.0,15,前走11着; 騎手勝率2%; 上がり良好35.9; 持ち時計平凡,,,,False
20260607-05-07,05,07,16,ブリックンクリック,▲,3,13.1,8,同距離複勝1回; 同場距離帯複勝1回; 持ち時計優秀; 相対時計優秀,0.055,0.72,接戦,False
20260607-05-08,05,08,1,カズノダイジョウ,◎,1,15.8,8,頭数補正上位15%; 直近で1着あり; 直近3着内2回; 近走上昇; 信頼度=混戦(2位差-6.0),0.161,2.54,混戦,True
20260607-05-08,05,08,2,デスサイズ,,,9.4,3,頭数補正上位0%; 直近で1着あり; 斤量減2.0kg,,,,False
20260607-05-08,05,08,3,スワローシチー,△,4,14.2,6,頭数補正上位17%; 直近で1着あり; 近走上昇; 同種T1勝,,,,False
20260607-05-08,05,08,4,オメガストリーム,,,88.5,17,近走上昇; 前走11着; 斤量減3.0kg; 騎手勝率4%,,,,False
20260607-05-08,05,08,5,コンヴァージョン,,,55.8,13,近走上昇; 騎手勝率2%; 上がり良好34.7,,,,False
20260607-05-08,05,08,6,サトノラポール,,,26.8,11,同距離複勝1回; 同場距離帯複勝1回; 前走8着; 調教師勝率12%,,,,False
20260607-05-08,05,08,7,ダイヤテソーロ,○,2,29.2,12,直近で1着あり; 直近3着内2回; 近走上昇; 同種T1勝,0.043,1.27,混戦,False
20260607-05-08,05,08,8,タイセイフレッサ,▲,3,4.8,2,近走上昇; 同距離複勝1回; 同場距離帯複勝1回; 重賞経験あり,0.062,0.3,混戦,False
20260607-05-08,05,08,9,リネンタイリン,,,66.1,15,間隔長め78日; 前走大敗45着; 持ち時計優秀; 相対時計優秀,,,,False
20260607-05-08,05,08,10,アラスカフレイバー,,,12.9,5,頭数補正上位7%; 直近3着内2回; 同距離複勝1回; 間隔長め85日,,,,False
20260607-05-08,05,08,11,イージーブリージー,,,70.9,16,近走下降; 同種T複勝2回; 同場複勝2回; 前走大敗13着,,,,False
20260607-05-08,05,08,12,ゴディアーモ,,,2.9,1,直近で1着あり; 格上挑戦+3; 間隔長め78日; 騎手勝率13%,,,,False
20260607-05-08,05,08,13,アンソニー,,,11.3,4,近走上昇; 同距離複勝1回; 前走9着; 斤量減2.0kg,,,,False
20260607-05-08,05,08,14,ナルキッソス,,,26.4,10,斤量減2.0kg; 騎手勝率13%; 上がり最速級34.5; 持ち時計平凡,,,,False
20260607-05-08,05,08,15,ツインピークス,,,57.1,14,近走上昇; 同距離3走; 同場距離帯不振3走; 上がり最速級33.3,,,,False
20260607-05-08,05,08,16,ソニックライン,☆,5,21.8,9,直近3着内2回; 近走上昇; 同種T複勝2回; 同距離複勝2回,,,,False
20260607-05-08,05,08,17,ゴールドシーン,,,14.4,7,近走上昇; 同距離複勝1回; 同場不振9走; 同場距離帯不振7走,,,,False
20260607-05-09,05,09,1,コンフォルツァ,△,4,12.3,4,直近3着内2回; 同距離複勝1回; 騎手勝率14%; 上がり最速級33.7,,,,False
20260607-05-09,05,09,2,ズイウンゴサイ,,,32.5,8,上がり最速級33.2; 相対時計優秀; 上がり1位経験,,,,False
20260607-05-09,05,09,3,クロシェットノエル,,,24.4,7,多頭数健闘20%; 近走上昇; 騎手勝率3%; 上がり最速級33.9,,,,False
20260607-05-09,05,09,4,エボルヴィング,◎,1,13.5,5,頭数補正上位17%; 直近で1着あり; 近走上昇; 同距離複勝1回; 信頼度=接戦(2位差8.0),0.10400000000000001,1.4,接戦,False
20260607-05-09,05,09,5,マイネルアレス,☆,5,17.8,6,直近で1着あり; 直近3着内2回; 近走上昇; 持ち時計平凡,,,,False
20260607-05-09,05,09,6,ゴーラッキー,○,2,1.5,1,重賞経験あり; 斤量減2.0kg; 騎手勝率24%,0.239,0.36,接戦,False
20260607-05-09,05,09,7,ビーオンザカバー,▲,3,6.1,2,頭数補正上位12%; 直近で1着あり; 直近3着内3回; 同距離複勝1回,0.16,0.97,接戦,False
20260607-05-09,05,09,8,サラスヴァティー,,,7.0,3,近走下降; 同距離複勝1回; 間隔長め77日; 前走大敗74着,,,,False
20260607-05-10,05,10,1,リリージェーン,,,86.5,16,近走上昇; 間隔長め77日; 前走大敗42着; sprint risk,,,,False
20260607-05-10,05,10,2,フクチャントウメイ,,,82.6,14,同距離6走; 同場距離帯不振5走; 休み明け105日; 前走大敗36着,,,,False
20260607-05-10,05,10,3,エムティエスターテ,◎,1,21.4,5,頭数補正上位2%; 直近で1着あり; 直近3着内3回; 同種T1勝; 信頼度=混戦(2位差-4.0),0.212,4.54,混戦,True
20260607-05-10,05,10,4,メッエフアパラ,,,85.8,15,近走上昇; 同距離3走; 同場不振5走; 前走9着,,,,False
20260607-05-10,05,10,5,ケープアグラス,,,63.0,12,直近で1着あり; 近走下降; 同種T1勝; 同場1勝,,,,False
20260607-05-10,05,10,6,ポッドベル,○,2,7.1,2,近走上昇; 同種T複勝3回; 同距離複勝3回; 同場複勝3回,0.14300000000000002,1.01,混戦,False
20260607-05-10,05,10,7,シホノペルフェット,,,44.1,9,近走上昇; 前走大敗14着; 斤量増2.0kg; sprint risk,,,,False
20260607-05-10,05,10,8,レイアポポ,△,4,31.4,6,直近で1着あり; sprint risk; 持ち時計優秀; 相対時計優秀,,,,False
20260607-05-10,05,10,9,レヴィテーション,,,73.6,13,休み明け190日; 騎手勝率3%; sprint risk; 持ち時計優秀,,,,False
20260607-05-10,05,10,10,マジッククッキー,▲,3,1.3,1,同距離複勝1回; 同場不振3走; 同場距離帯不振3走; 相手関係緩和,0.243,0.32,混戦,False
20260607-05-10,05,10,11,クインズシフォン,,,60.4,11,近走上昇; sprint risk; 持ち時計優秀; 相対時計優秀,,,,False
20260607-05-10,05,10,12,ミスエル,☆,5,49.8,10,多頭数健闘21%; 近走上昇; 同種T複勝2回; sprint risk,,,,False
20260607-05-10,05,10,13,キョウエイカンセ,,,33.9,7,斤量増3.0kg; 騎手勝率0%; 調教師勝率11%; 上がり良好36.0,,,,False
20260607-05-10,05,10,14,ホウオウプレミア,,,19.4,4,近走上昇; 騎手勝率3%; 上がり良好35.5; 持ち時計平凡,,,,False
20260607-05-10,05,10,15,プチブール,,,40.6,8,同距離3走; 上がり良好35.7; 持ち時計平凡; 相対時計優秀,,,,False
20260607-05-10,05,10,16,ライジンマル,,,17.2,3,騎手勝率3%; sprint risk,,,,False
20260607-05-11,05,11,1,レーベンスティール,☆,5,8.4,3,重賞経験あり; 同格以上接戦敗1回; 騎手勝率13%; 上がり鈍い70.0,,,,False
20260607-05-11,05,11,2,ロングラン,,,228.8,17,近走下降; 重賞経験あり; 前走大敗18着; 上がり最速級33.7,,,,False
20260607-05-11,05,11,3,オフトレイル,,,39.6,13,頭数補正上位17%; 同距離複勝1回; 重賞経験あり; 格上挑戦+2,,,,False
20260607-05-11,05,11,4,シックスペンス,,,24.8,8,多頭数健闘21%; 近走下降; 重賞経験あり; 格上挑戦+7,,,,False
20260607-05-11,05,11,5,サクラトゥジュール,,,118.3,15,頭数補正上位8%; 近走上昇; 格上挑戦+7; 休み明け518日,,,,False
20260607-05-11,05,11,6,ステレンボッシュ,○,2,9.0,4,頭数補正上位9%; 直近3着内2回; 同種T複勝2回; 同距離複勝1回,0.07,0.63,混戦,False
20260607-05-11,05,11,7,スズハローム,△,4,26.2,9,頭数補正上位9%; 直近で1着あり; 近走上昇; 同距離複勝2回,,,,False
20260607-05-11,05,11,8,シャンパンカラー,,,32.8,11,近走上昇; 同距離4走; 同場不振3走; 同場距離帯不振3走,,,,False
20260607-05-11,05,11,9,ウォーターリヒト,,,27.8,10,近走上昇; 同距離3走; 重賞経験あり; 前走大敗13着,,,,False
20260607-05-11,05,11,10,ルクソールカフェ,,,70.8,14,直近で1着あり; 直近勝利2回; 近走下降; 同距離複勝1回,,,,False
20260607-05-11,05,11,11,ワールズエンド,▲,3,19.6,7,直近で1着あり; 近走上昇; 同種T1勝; 同距離4走,0.135,2.65,混戦,False
20260607-05-11,05,11,12,シリウスコルト,,,119.9,16,近走上昇; 重賞経験あり; 騎手勝率13%; 持ち時計優秀,,,,False
20260607-05-11,05,11,13,セイウンハーデス,,,12.6,6,近走上昇; 重賞経験あり; 同格以上接戦敗1回; 持ち時計平凡,,,,False
20260607-05-11,05,11,14,ガイアフォース,,,2.9,1,近走上昇; 重賞経験あり; 間隔長め71日; 騎手勝率14%,,,,False
20260607-05-11,05,11,15,ドラゴンブースト,,,36.5,12,頭数補正上位6%; 同距離複勝1回; 重賞経験あり; 上級条件で実績薄,,,,False
20260607-05-11,05,11,16,パンジャタワー,,,9.1,5,頭数補正上位18%; 重賞経験あり; 間隔長め70日; 騎手勝率13%,,,,False
20260607-05-11,05,11,17,トロヴァトーレ,◎,1,4.6,2,直近で1着あり; 近走上昇; 同種T1勝; 同距離4走; 信頼度=混戦(2位差-5.0),0.252,1.16,混戦,False
20260607-05-12,05,12,1,テンカムテキ,◎,1,7.4,3,頭数補正上位10%; 直近で1着あり; 近走上昇; 斤量減2.0kg; 信頼度=混戦(2位差-4.0),0.076,0.56,混戦,False
20260607-05-12,05,12,2,トーホウキザン,,,84.4,13,近走下降; 間隔長め71日; 前走大敗84着; 騎手勝率3%,,,,False
20260607-05-12,05,12,3,エンファサイズ,,,91.8,14,近走下降; 格上挑戦+2; 前走8着,,,,False
20260607-05-12,05,12,4,フィーチャリング,▲,3,24.3,9,直近で1着あり; 直近3着内2回; 近走下降; 同種T複勝2回,0.111,2.7,混戦,False
20260607-05-12,05,12,5,コパノエビータ,,,126.6,15,近走下降; 前走10着; 斤量増4.0kg; 騎手勝率13%,,,,False
20260607-05-12,05,12,6,トラヴェリンバンド,△,4,15.1,6,近走上昇; 同種T複勝2回; 同距離複勝1回; 同場複勝2回,,,,False
20260607-05-12,05,12,7,グレイスザクラウン,,,38.0,12,近走上昇; 同距離6走; 同場不振6走; 同場距離帯不振6走,,,,False
20260607-05-12,05,12,8,セントラルヴァレー,,,25.0,10,近走下降; 同場不振6走; 休み明け449日; 前走大敗84着,,,,False
20260607-05-12,05,12,9,アースイオス,,,134.8,16,前走11着; 斤量増6.0kg; 騎手勝率0%; 上がり良好35.8,,,,False
20260607-05-12,05,12,10,マクリール,○,2,2.4,1,近走上昇; 同距離複勝1回; 同場距離帯複勝1回; 相手関係緩和,0.153,0.37,混戦,False
20260607-05-12,05,12,11,ホウキボシ,,,23.1,8,近走下降; 同距離3走; 前走大敗13着; 騎手勝率13%,,,,False
20260607-05-12,05,12,12,パイシャオピン,,,15.2,7,近走上昇; 同距離5走; 同場不振5走; 同場距離帯不振5走,,,,False
20260607-05-12,05,12,13,ベラジオワールド,☆,5,10.1,5,頭数補正上位15%; 近走上昇; 騎手勝率13%,,,,False
20260607-05-12,05,12,14,リベッチオ,,,6.6,2,騎手勝率13%; 調教師勝率13%,,,,False
20260607-05-12,05,12,15,アスゴッド,,,31.0,11,直近で1着あり; 近走下降; 前走8着; 騎手勝率12%,,,,False
20260607-05-12,05,12,16,ヘリオトロープ,,,8.8,4,近走上昇; 同距離複勝1回; 同場距離帯複勝1回; 騎手勝率20%,,,,False
20260607-09-01,09,01,1,オーサムデアラー,,,57.8,11,近走上昇; 長距離未経験; 相手関係緩和; 休み明け237日,,,,False
20260607-09-01,09,01,2,アルヴィア,○,2,3.6,2,近走上昇; 同距離複勝1回; 長距離複勝あり; 相手関係緩和,0.179,0.64,接戦,False
20260607-09-01,09,01,3,セイフウサツキ,,,6.6,4,長距離未経験; 休み明け329日; 前走大敗45着; 長距離裏付け薄,,,,False
20260607-09-01,09,01,4,テンカオーライ,,,79.1,12,近走上昇; 前走大敗14着; 上がり最速級14.2; 持ち時計平凡,,,,False
20260607-09-01,09,01,5,ロードオールライト,,,5.6,3,近走上昇; 上がり最速級13.5; 持ち時計平凡; 相対時計不足,,,,False
20260607-09-01,09,01,6,オリンポスカズマ,☆,5,44.7,9,近走上昇; 上がり最速級13.5; 持ち時計平凡; 相対時計不足,,,,False
20260607-09-01,09,01,7,ゴールデンルーキー,,,26.6,6,近走上昇; 休み明け707日; 前走大敗47着; 長距離裏付け薄,,,,False
20260607-09-01,09,01,8,コトブキヘスペラス,,,121.8,13,近走下降; 前走10着; 調教師勝率10%; 上がり最速級13.6,,,,False
20260607-09-01,09,01,9,クリアクォーツ,▲,3,33.9,7,近走上昇; 同距離6走; 長距離不振6走; 前走10着,0.065,2.2,接戦,False
20260607-09-01,09,01,10,フォーディアライフ,◎,1,2.2,1,直近で1着あり; 直近勝利2回; 近走上昇; 同距離複勝1回; 信頼度=接戦(2位差8.0),0.389,0.86,接戦,False
20260607-09-01,09,01,11,イモータルバード,,,55.9,10,近走上昇; 前走大敗12着; 斤量減3.0kg; 上がり最速級13.6,,,,False
20260607-09-01,09,01,12,アクロスザリバー,△,4,200.4,14,近走上昇; 前走大敗13着; 上がり最速級13.7; 持ち時計平凡,,,,False
20260607-09-01,09,01,13,モズナイスバディー,,,25.7,5,近走下降; 相手関係緩和; 前走9着; 上がり最速級13.4,,,,False
20260607-09-01,09,01,14,スペイドアン,,,39.2,8,近走上昇; 長距離未経験; 休み明け106日; 前走10着,,,,False
20260607-09-02,09,02,1,カスタニッチャ,,,111.6,15,休み明け204日; 持ち時計優秀,,,,False
20260607-09-02,09,02,2,ポリキポリキ,,,75.4,13,前走大敗15着,,,,False
20260607-09-02,09,02,3,ウィスカーパッド,,,7.6,5,,,,,False
20260607-09-02,09,02,4,カヴァティーナ,,,69.3,11,近走上昇; 前走8着; 騎手勝率3%,,,,False
20260607-09-02,09,02,5,ジーティーメティオ,,,6.1,3,休み明け112日; 前走大敗45着; 騎手勝率14%,,,,False
20260607-09-02,09,02,6,レーヴドリュヌ,,,35.3,10,休み明け204日; 前走8着; 持ち時計優秀,,,,False
20260607-09-02,09,02,7,トラカイキャッスル,△,4,28.9,9,上がり良好35.7,,,,False
20260607-09-02,09,02,8,キーテーマ,,,70.6,12,騎手勝率0%; 調教師勝率13%,,,,False
20260607-09-02,09,02,9,メイショウプレマ,◎,1,7.5,4,頭数補正上位15%; 同距離複勝1回; 騎手勝率2%; 上がり良好34.9; 信頼度=混戦(2位差1.2),0.039,0.29,混戦,False
20260607-09-02,09,02,10,サリエンテ,☆,5,4.1,1,,,,,False
20260607-09-02,09,02,11,ルージュマデイラ,○,2,7.9,6,,0.154,1.22,混戦,False
20260607-09-02,09,02,12,ライツェントライゼ,,,11.2,7,,,,,False
20260607-09-02,09,02,13,レディアグレッサー,,,12.4,8,,,,,False
20260607-09-02,09,02,14,サンタカリス,,,98.8,14,近走下降; 前走大敗14着; 騎手勝率2%,,,,False
20260607-09-02,09,02,15,クロスボーダー,▲,3,6.0,2,近走上昇; 同距離複勝1回; 斤量増2.0kg; 上がり最速級34.3,0.07200000000000001,0.43,混戦,False
20260607-09-03,09,03,1,バーバラップ,,,44.0,11,前走大敗12着,,,,False
20260607-09-03,09,03,2,ロードヴェリタス,▲,3,2.9,1,騎手勝率1%; 調教師勝率10%,0.099,0.29,混戦,False
20260607-09-03,09,03,3,ロスニーニョス,☆,5,31.4,9,近走上昇; 騎手勝率3%,,,,False
20260607-09-03,09,03,4,ウルトラハート,○,2,6.7,3,近走上昇; 同距離複勝1回; 上がり鈍い39.3; 持ち時計優秀,0.07200000000000001,0.48,混戦,False
20260607-09-03,09,03,5,ダイメイクマモト,,,7.4,4,同距離複勝1回; 騎手勝率3%; 相対時計優秀; 上がり3位経験,,,,False
20260607-09-03,09,03,6,リバーソニック,,,6.5,2,同距離3走; 間隔長め77日; 前走大敗44着; 持ち時計平凡,,,,False
20260607-09-03,09,03,7,ボクサークラブ,◎,1,11.9,6,上位再評価(安定性差12.0); 信頼度=混戦(2位差-5.0),0.111,1.32,混戦,False
20260607-09-03,09,03,8,シエルブリエ,,,85.8,14,,,,,False
20260607-09-03,09,03,9,オセアスターライト,,,58.2,12,前走9着,,,,False
20260607-09-03,09,03,10,スマイルガルーダ,,,130.8,15,騎手勝率2%,,,,False
20260607-09-03,09,03,11,セキゾウ,,,82.2,13,,,,,False
20260607-09-03,09,03,12,ウェイヴムーン,,,7.8,5,斤量増2.0kg,,,,False
20260607-09-03,09,03,13,マーゴットデウス,△,4,35.0,10,近走上昇; 調教師勝率12%; 持ち時計平凡,,,,False
20260607-09-03,09,03,14,ジョイフルサンデー,,,133.0,16,騎手勝率0%; 調教師勝率13%,,,,False
20260607-09-03,09,03,15,シャインヴィーラ,,,23.8,8,前走8着; 斤量減2.0kg; 騎手勝率2%,,,,False
20260607-09-03,09,03,16,スリーケイ,,,12.7,7,前走10着; 騎手勝率3%,,,,False
20260607-09-04,09,04,1,アンリミテッド,,,6.0,2,休み明け117日; 前走大敗20着; 調教師勝率10%; sprint risk,,,,False
20260607-09-04,09,04,2,メイショウタダツグ,,,25.0,8,sprint risk,,,,False
20260607-09-04,09,04,3,ビッグヒーロー,▲,3,2.3,1,近走上昇; 騎手勝率14%; sprint risk,0.16,0.37,混戦,False
20260607-09-04,09,04,4,ヴァンロゼ,,,25.8,9,同距離4走; 同場不振3走; 同場距離帯不振3走; 間隔長め70日,,,,False
20260607-09-04,09,04,5,シュネープリンセス,,,63.7,14,近走下降; 同距離複勝1回; 前走大敗15着; 上がり鈍い39.2,,,,False
20260607-09-04,09,04,6,イクヒロ,◎,1,31.3,10,頭数補正上位0%; 直近で1着あり; 直近勝利2回; 同距離複勝1回; 信頼度=混戦(2位差-2.5),0.10099999999999999,3.17,混戦,True
20260607-09-04,09,04,7,モズジェネラル,☆,5,7.2,3,近走上昇; 同距離4走; 騎手勝率2%; sprint risk,,,,False
20260607-09-04,09,04,8,ゼルダ,,,10.1,5,sprint risk,,,,False
20260607-09-04,09,04,9,ヒルノジェノヴァ,,,46.8,12,近走上昇; 前走大敗13着; sprint risk,,,,False
20260607-09-04,09,04,10,レッドピアレス,,,22.5,7,前走大敗12着; sprint risk,,,,False
20260607-09-04,09,04,11,ピゲ,,,60.4,13,騎手勝率2%; sprint risk,,,,False
20260607-09-04,09,04,12,メイショウナナユキ,○,2,9.2,4,近走上昇; 同距離複勝1回; 同場距離帯複勝1回; 持ち時計優秀,0.064,0.58,混戦,False
20260607-09-04,09,04,13,ワンダーリュクス,,,66.3,15,騎手勝率3%; sprint risk,,,,False
20260607-09-04,09,04,14,ココプレミア,,,84.9,16,近走下降; 前走大敗14着; sprint risk,,,,False
20260607-09-04,09,04,15,サマーブリザード,△,4,40.5,11,近走上昇; 同距離複勝1回; 格上挑戦+2; 持ち時計優秀,,,,False
20260607-09-04,09,04,16,ロードインヴォーグ,,,16.0,6,休み明け176日; 前走大敗43着; sprint risk,,,,False
20260607-09-05,09,05,1,クリコキアナ,☆,5,26.0,10,騎手勝率3%; sprint risk,,,,False
20260607-09-05,09,05,2,レッドネビュラ,,,4.5,2,sprint risk,,,,False
20260607-09-05,09,05,3,イザベル,,,11.9,6,sprint risk,,,,False
20260607-09-05,09,05,4,ニシノフランケン,○,2,20.0,8,sprint risk,0.024,0.48,混戦,False
20260607-09-05,09,05,5,ビスケットサンド,,,5.6,3,sprint risk,,,,False
20260607-09-05,09,05,6,ランダムナンバー,,,12.9,7,騎手勝率2%; sprint risk,,,,False
20260607-09-05,09,05,7,サンシルヴァリー,,,56.5,11,騎手勝率2%; sprint risk,,,,False
20260607-09-05,09,05,8,スピークロウ,▲,3,9.2,5,騎手勝率12%; sprint risk,0.047,0.43,混戦,False
20260607-09-05,09,05,9,レゾルーティオ,,,3.4,1,調教師勝率13%; sprint risk,,,,False
20260607-09-05,09,05,10,シスキンブルーム,◎,1,6.9,4,調教師勝率11%; sprint risk; 信頼度=混戦(2位差2.0),0.109,0.76,混戦,False
20260607-09-05,09,05,11,スピーディスピン,△,4,24.1,9,sprint risk,,,,False
20260607-09-06,09,06,1,プリュイドール,,,7.3,4,近走上昇; 前走8着,,,,False
20260607-09-06,09,06,2,ハナコトバ,,,10.3,6,近走上昇; 同距離3走; 前走10着; 斤量増2.0kg,,,,False
20260607-09-06,09,06,3,クリムゾンバースト,,,49.3,12,近走下降; 前走11着; 斤量減2.0kg,,,,False
20260607-09-06,09,06,4,エースフライト,△,4,4.0,1,騎手勝率14%,,,,False
20260607-09-06,09,06,5,ペガサスジルシ,○,2,4.2,2,頭数補正上位8%; 騎手勝率14%; 上がり良好35.5; 相対時計優秀,0.218,0.92,標準,False
20260607-09-06,09,06,6,アリュウ,,,52.6,13,上がり良好36.0,,,,False
20260607-09-06,09,06,7,ラッキーシグネチャ,,,29.2,9,前走大敗14着; 斤量減2.0kg,,,,False
20260607-09-06,09,06,8,アスクウルトラモア,,,108.9,15,前走大敗16着; 斤量減3.0kg; 騎手勝率1%,,,,False
20260607-09-06,09,06,9,シャイニーデイ,,,186.7,16,騎手勝率2%,,,,False
20260607-09-06,09,06,10,レイワノキセキ,,,30.4,10,近走下降; 同場不振3走; 前走8着; 騎手勝率3%,,,,False
20260607-09-06,09,06,11,ビップヴォルフ,▲,3,8.1,5,上がり良好34.6; 持ち時計優秀; 相対時計優秀; 上がり1位経験,0.021,0.17,標準,False
20260607-09-06,09,06,12,チュオンソン,,,40.6,11,近走下降; 前走9着; 調教師勝率11%; 持ち時計平凡,,,,False
20260607-09-06,09,06,13,ショウナンアンバー,,,89.1,14,前走大敗12着,,,,False
20260607-09-06,09,06,14,テイクザスローン,☆,5,23.2,7,直近で1着あり; 近走下降; 同場1勝; 上がり良好34.9,,,,False
20260607-09-06,09,06,15,フレアオブセンス,◎,1,5.6,3,頭数補正上位13%; 直近3着内2回; 同種T複勝3回; 同距離複勝2回; 信頼度=標準(2位差19.8),0.20800000000000002,1.17,標準,False
20260607-09-06,09,06,16,シェーネエルデ,,,28.9,8,前走9着,,,,False
20260607-09-07,09,07,1,ブラックドレス,,,113.3,16,近走上昇; 同種T1勝; 同距離9走; 同場1勝,,,,False
20260607-09-07,09,07,2,グロリアス,▲,3,36.8,12,頭数補正上位18%; 直近で1着あり; 直近3着内2回; 近走上昇,0.11599999999999999,4.28,標準,False
20260607-09-07,09,07,3,ルージュビバーチェ,,,12.0,5,近走上昇; 斤量減2.0kg,,,,False
20260607-09-07,09,07,4,クレマチス,,,14.1,6,休み明け197日; 前走8着; 相対時計優秀,,,,False
20260607-09-07,09,07,5,リアンドゥクール,,,5.1,3,斤量減2.0kg,,,,False
20260607-09-07,09,07,6,オラヴィンリンナ,,,46.0,13,近走上昇; 同距離4走; 前走9着; 斤量減2.0kg,,,,False
20260607-09-07,09,07,7,コンテナライン,,,67.1,15,近走下降; 同距離3走; 前走8着; 持ち時計優秀,,,,False
20260607-09-07,09,07,8,ケイツーリーブル,△,4,3.5,1,頭数補正上位16%; 同距離複勝1回; 同場距離帯複勝1回; 斤量減2.0kg,,,,False
20260607-09-07,09,07,9,クイーンズドリーム,,,31.7,10,近走下降; 同距離複勝1回; 前走大敗12着; 斤量減2.0kg,,,,False
20260607-09-07,09,07,10,エコロストーム,,,51.2,14,近走下降; 同距離複勝1回; 斤量減2.0kg; 持ち時計優秀,,,,False
20260607-09-07,09,07,11,ミルボナー,◎,1,9.8,4,頭数補正上位12%; 直近で1着あり; 直近3着内3回; 同種T1勝; 信頼度=標準(2位差25.0),0.361,3.54,標準,True
20260607-09-07,09,07,12,ヴェントステラーレ,,,31.2,9,調教師勝率12%,,,,False
20260607-09-07,09,07,13,ザラタン,☆,5,17.9,7,同距離複勝1回; 重賞経験あり; 騎手勝率2%; 持ち時計平凡,,,,False
20260607-09-07,09,07,14,セレーノ,,,26.7,8,頭数補正上位8%; 同距離複勝1回; 間隔長め77日; 騎手勝率2%,,,,False
20260607-09-07,09,07,15,ハッピーラブソング,,,32.2,11,休み明け147日; 騎手勝率12%,,,,False
20260607-09-07,09,07,16,アロマフェリス,○,2,4.1,2,直近3着内2回; 同種T複勝3回; 同距離複勝3回; 同場距離帯複勝1回,0.15,0.62,標準,False
20260607-09-08,09,08,1,ニシノサリーナ,,,5.0,2,近走上昇; 前走大敗12着; 斤量減2.0kg; sprint risk,,,,False
20260607-09-08,09,08,2,ゴコウサス,,,104.0,18,近走下降; 格上挑戦+3; 休み明け257日; 前走大敗20着,,,,False
20260607-09-08,09,08,3,トモジャプレジール,,,19.5,7,近走上昇; 同距離複勝1回; 休み明け197日; 持ち時計平凡,,,,False
20260607-09-08,09,08,4,オドラニャソンソン,,,79.7,17,近走上昇; 斤量増3.0kg; sprint risk; 相対時計不足,,,,False
20260607-09-08,09,08,5,グレースジェンヌ,,,27.1,10,sprint risk,,,,False
20260607-09-08,09,08,6,ダンデノン,,,4.5,1,間隔長め98日; 前走大敗46着; sprint risk,,,,False
20260607-09-08,09,08,7,サリュエ,▲,3,6.3,4,近走上昇; 同距離複勝1回; 上がり最速級33.6; 持ち時計優秀,0.102,0.64,接戦,False
20260607-09-08,09,08,8,シュネーグロッケン,,,27.0,9,近走上昇; 前走8着; 斤量減3.0kg; 騎手勝率3%,,,,False
20260607-09-08,09,08,9,シンヒダカゴールド,,,48.0,14,近走上昇; 同距離3走; 間隔長め77日; 前走大敗64着,,,,False
20260607-09-08,09,08,10,スウィートリワード,△,4,32.5,13,近走下降; 同距離4走; 格上挑戦+3; 上がり最速級33.9,,,,False
20260607-09-08,09,08,11,ムーンウォーリア,,,74.9,16,休み明け227日; sprint risk,,,,False
20260607-09-08,09,08,12,リピ,,,27.2,11,近走上昇; 間隔長め77日; sprint risk,,,,False
20260607-09-08,09,08,13,ソルオーブ,,,23.8,8,休み明け127日; sprint risk,,,,False
20260607-09-08,09,08,14,ワンコールアウェイ,◎,1,5.9,3,頭数補正上位7%; 同距離複勝1回; 騎手勝率14%; 調教師勝率13%; 信頼度=接戦(2位差7.3),0.255,1.5,接戦,True
20260607-09-08,09,08,15,セディバン,,,66.8,15,近走下降; 前走8着; 上がり最速級34.0; 持ち時計平凡,,,,False
20260607-09-08,09,08,16,サンセットゴールド,○,2,12.3,6,近走上昇; 斤量減2.0kg; 騎手勝率14%; 上がり最速級33.6,0.077,0.94,接戦,False
20260607-09-08,09,08,17,アスクヴォルテージ,☆,5,11.7,5,近走上昇; 騎手勝率1%; 上がり最速級34.1; 持ち時計平凡,,,,False
20260607-09-08,09,08,18,ロンティケチャップ,,,29.7,12,近走下降; 同距離複勝2回; 間隔長め77日; 前走大敗80着,,,,False
20260607-09-09,09,09,1,ジュルナール,▲,3,10.0,5,直近で1着あり; 近走上昇; 同種T1勝; 同距離複勝1回,0.109,1.09,接戦,False
20260607-09-09,09,09,2,ポッドデスペア,,,34.6,11,直近で1着あり; 直近勝利2回; 近走下降; 同距離複勝2回,,,,False
20260607-09-09,09,09,3,キングツェッペリン,,,29.2,8,直近で1着あり; 直近3着内2回; 同種T1勝; 同距離複勝1回,,,,False
20260607-09-09,09,09,4,リサシテーション,◎,1,5.5,3,頭数補正上位10%; 直近で1着あり; 近走上昇; 同種T1勝; 信頼度=接戦(2位差9.5),0.139,0.76,接戦,False
20260607-09-09,09,09,5,レイワサンサン,,,35.5,12,直近で1着あり; 近走下降; 同種T1勝; 同距離複勝1回,,,,False
20260607-09-09,09,09,6,コスモストーム,,,4.0,1,頭数補正上位3%; 直近で1着あり; 直近勝利2回; 同距離複勝1回,,,,False
20260607-09-09,09,09,7,ハリウッドブルース,,,20.0,7,近走上昇; 同距離複勝1回; 持ち時計平凡; 相対時計優秀,,,,False
20260607-09-09,09,09,8,カナタコナタ,○,2,4.6,2,頭数補正上位0%; 直近で1着あり; 同種T1勝; 同距離複勝1回,0.282,1.3,接戦,False
20260607-09-09,09,09,9,ハリウッドパーク,,,79.0,16,近走下降; 同場不振5走; 前走9着; sprint risk,,,,False
20260607-09-09,09,09,10,マイティマイティー,△,4,7.6,4,近走上昇; 同種T複勝2回; 同距離複勝2回; 同場不振4走,,,,False
20260607-09-09,09,09,11,ホウオウゴールド,,,33.6,10,同距離3走; 上がり良好35.1; 持ち時計優秀; 相対時計優秀,,,,False
20260607-09-09,09,09,12,マーゴットレーヴ,,,52.5,15,近走上昇; 同距離9走; 前走9着; 上がり良好36.0,,,,False
20260607-09-09,09,09,13,ロードオルデン,,,35.7,13,同距離7走; 同場不振3走; 同場距離帯不振3走; 上がり良好35.2,,,,False
20260607-09-09,09,09,14,ラヴオントップ,,,30.4,9,近走下降; 同距離4走; 同場不振3走; 同場距離帯不振3走,,,,False
20260607-09-09,09,09,15,テラステラ,☆,5,38.7,14,同距離複勝3回; 上がり良好35.7; 持ち時計平凡; 相対時計優秀,,,,False
20260607-09-09,09,09,16,ポッドドンナー,,,11.4,6,同距離6走; 休み明け105日; 前走大敗80着; sprint risk,,,,False
20260607-09-10,09,10,1,ウインリベラシオン,▲,3,15.5,5,近走上昇; 同距離7走; 上がり最速級33.6; 持ち時計優秀,0.098,1.52,接戦,False
20260607-09-10,09,10,2,リュキア,,,54.6,9,前走10着; 斤量増3.0kg; 騎手勝率3%,,,,False
20260607-09-10,09,10,3,ユメハハテシナク,,,13.0,4,近走下降; 前走8着; 上がり良好35.0; 持ち時計優秀,,,,False
20260607-09-10,09,10,4,ハイディージェン,,,34.9,7,近走上昇; 前走8着; 騎手勝率1%; 上がり良好35.5,,,,False
20260607-09-10,09,10,5,ジョイエッロ,◎,1,1.3,1,頭数補正上位17%; 直近3着内2回; 近走上昇; 同距離複勝1回; 信頼度=接戦(2位差14.0),0.287,0.37,接戦,False
20260607-09-10,09,10,6,エバーグルーヴ,△,4,5.8,2,近走上昇; 同距離4走; 同場不振3走; 同場距離帯不振3走,,,,False
20260607-09-10,09,10,7,ラーテル,,,45.0,8,格上挑戦+2; 上がり良好34.6; 持ち時計平凡; 上がり3位経験,,,,False
20260607-09-10,09,10,8,ヤマニンガラッシア,○,2,10.3,3,頭数補正上位9%; 同距離複勝1回; 騎手勝率14%; 上がり最速級34.3,0.13,1.34,接戦,False
20260607-09-10,09,10,9,ツーエムクロノス,☆,5,19.9,6,前走8着; 上がり最速級34.3; 持ち時計平凡; 相対時計優秀,,,,False
20260607-09-11,09,11,1,ムーヴ,,,18.6,6,近走上昇; 同距離6走; 同格以上実績不足; 同格以上接戦敗1回,,,,False
20260607-09-11,09,11,2,マルモリスペシャル,,,44.6,16,近走上昇; 同格以上実績不足; OP risk; 間隔長め85日,,,,False
20260607-09-11,09,11,3,プレゼンティーア,▲,3,8.2,4,頭数補正上位0%; 直近で1着あり; 直近勝利2回; 同種T2勝,0.183,1.5,混戦,False
20260607-09-11,09,11,4,フリームファクシ,,,18.9,7,近走上昇; 重賞経験あり; 格上挑戦+4; 同格以上実績不足,,,,False
20260607-09-11,09,11,5,ショウナンアビアス,○,2,16.2,5,頭数補正上位14%; 直近で1着あり; 直近3着内2回; 近走上昇,0.09699999999999999,1.57,混戦,False
20260607-09-11,09,11,6,アンズアメ,◎,1,3.4,1,直近で1着あり; 直近3着内2回; 近走上昇; 同種T1勝; 信頼度=混戦(2位差-2.0),0.251,0.85,混戦,False
20260607-09-11,09,11,7,スマートフォルス,,,34.5,13,近走上昇; 同種T1勝; 同場1勝; 同場距離帯複勝1回,,,,False
20260607-09-11,09,11,8,クロジシジョー,,,19.4,8,多頭数健闘33%; 近走上昇; 同距離4走; 重賞経験あり,,,,False
20260607-09-11,09,11,9,ケイアイドリー,,,29.0,12,多頭数健闘27%; 近走上昇; 格上挑戦+4; OP risk,,,,False
20260607-09-11,09,11,10,リジル,,,23.9,9,近走下降; OP risk; 休み明け224日; 前走大敗90着,,,,False
20260607-09-11,09,11,11,アガシ,,,40.5,14,同距離6走; OP risk; 休み明け546日; 前走10着,,,,False
20260607-09-11,09,11,12,ロードフロンティア,,,24.1,10,直近で1着あり; 近走上昇; 格上挑戦+4; OP risk,,,,False
20260607-09-11,09,11,13,ペプチドヤマト,☆,5,28.8,11,多頭数健闘18%; 近走上昇; 同距離複勝1回; 同格以上複勝あり,,,,False
20260607-09-11,09,11,14,サンライズアムール,,,7.5,3,直近で1着あり; 近走下降; 同距離3走; 格上挑戦+4,,,,False
20260607-09-11,09,11,15,コンクイスタ,,,4.1,2,近走上昇; 同距離複勝1回; 同格以上複勝あり; 同格条件複勝1回,,,,False
20260607-09-11,09,11,16,ジュンウィンダム,△,4,44.1,15,直近で1着あり; 近走上昇; 同種T1勝; 同距離複勝1回,,,,False
20260607-09-12,09,12,1,ガーデンカメリア,,,64.2,9,同距離複勝1回; 前走9着; 騎手勝率0%; 持ち時計優秀,,,,False
20260607-09-12,09,12,2,ココロヅヨサ,▲,3,17.7,5,直近で1着あり; 近走上昇; 同種T1勝; 同距離複勝1回,0.11900000000000001,2.1,混戦,False
20260607-09-12,09,12,3,チェリヴェント,○,2,4.5,3,頭数補正上位11%; 直近3着内2回; 同種T複勝2回; 同距離複勝2回,0.138,0.62,混戦,False
20260607-09-12,09,12,4,アーサーバローズ,,,38.6,8,近走上昇; 同距離4走; 同場不振4走; 同場距離帯不振3走,,,,False
20260607-09-12,09,12,5,グロリアスグレイス,△,4,67.3,10,直近で1着あり; 直近勝利2回; 近走下降; 同種T4勝,,,,False
20260607-09-12,09,12,6,フラワームーン,,,106.4,12,近走下降; 前走大敗13着,,,,False
20260607-09-12,09,12,7,オーレアミスト,,,19.9,6,,,,,False
20260607-09-12,09,12,8,バートラガッツ,,,4.1,2,,,,,False
20260607-09-12,09,12,9,ブレスドナイル,☆,5,69.7,11,近走上昇; 同距離4走; 格上挑戦+2; 騎手勝率12%,,,,False
20260607-09-12,09,12,10,ガウラディスコ,,,2.1,1,同距離3走; 重賞経験あり; 斤量減2.0kg; 持ち時計優秀,,,,False
20260607-09-12,09,12,11,ウルフ,,,9.8,4,近走上昇; 斤量減2.0kg; 上がり2位経験,,,,False
20260607-09-12,09,12,12,メイショウコナン,◎,1,21.6,7,頭数補正上位16%; 直近3着内3回; 同種T複勝5回; 同距離複勝5回; 信頼度=混戦(2位差4.0),0.07400000000000001,1.59,混戦,False
